subzone_name,n_obs,R2,Adj_R2,const,dist_mrt,dist_hcen,dist_scen,bus_count_400m,resale_age,storey_mid,floor_area_sqm,type_2 ROOM,type_3 ROOM,type_4 ROOM,type_5 ROOM,type_EXECUTIVE,type_MULTI-GENERATION,model_3Gen,model_Adjoined flat,model_Apartment,model_DBSS,model_Improved,model_Improved-Maisonette,model_Maisonette,model_Model A,model_Model A-Maisonette,model_Model A2,model_Multi Generation,model_New Generation,model_Premium Apartment,model_Premium Apartment Loft,model_Simplified,model_Standard,model_Terrace,model_Type S1,model_Type S2
ADMIRALTY,93,0.9692114082424517,0.9645931194788194,8.74354040384458,0.00016138264725837521,-0.00020116335514005004,6.210233394556008e-05,0.002110464857579486,-0.005457882367857048,0.006799494236641834,0.005348546665672638,1.426866058186929,1.5670180640802074,1.6575947925346437,2.0103848661294386,2.0816766229133083,0.0,0.0,0.0,2.081676622913294,0.0,2.0103848661294634,0.0,0.0,2.3177343429828854,0.0,2.3337445718190124,0.0,0.0,0.0,0.0,0.0,0.0,0.0,0.0,0.0
ALEXANDRA HILL,71,0.9845190134765485,0.9802969262428799,9.099768950030796,0.00037572807575914774,3.0003498207351043e-05,-0.0005938036461532806,0.004870736892153227,-0.012904362229848587,0.006709202510549961,0.011529250963218524,2.3304265981144408,2.261515542164542,2.3353433427476844,2.1724834670041533,-9.030834893007292e-15,9.126081893993467e-16,-8.119444844776714e-15,6.388893793063618e-16,0.0,0.0,1.4448750964183967,0.0,0.0,1.4300100779890865,1.7197921511984626,0.0,0.0,1.4623874137590418,0.0,0.0,1.541634488274183,1.5010697223916791,0.0,0.0,0.0
ALJUNIED,174,0.9739790145506113,0.9711433943413831,9.992028201183725,-0.00022508909939656166,3.0655469039835275e-05,-0.0001998330290667377,-0.00015378624453388223,-0.011065853146365892,0.00961630659092956,0.005547101117406222,1.6255618077972258,1.8467769439089792,2.0561200815309335,2.181394301051948,2.282175066894596,-5.71613625908679e-16,3.4252175831213653e-15,1.2899634472897317,1.1269410521424934,2.968388265592053e-16,1.2252535046250193,0.0,1.1552340147521125,1.2734877555683661,1.454159661730051,0.0,0.0,1.257355394270487,0.0,0.0,0.0,1.2096333708054616,0.0,0.0,0.0
ANCHORVALE,385,0.9143106564647928,0.9105850328328273,9.38467437078614,5.643267726442285e-05,0.00010373484031056535,-5.466511687825769e-06,0.000597678397239898,-0.013421107836737223,0.007021788341008334,0.0045436538242800695,1.5847070701750017,1.7787375135479229,1.9224183982514642,1.979184162489922,2.1196272263217786,3.308009833294473e-14,1.5540222724840342,4.0197483953486e-16,1.5659809095726116,0.0,1.5873801783799264,0.0,0.0,1.546803109618656,0.0,1.5693488041982722,0.0,0.0,1.5611390965326772,0.0,0.0,0.0,0.0,0.0,0.0
BALESTIER,222,0.9793860709829028,0.977885056734085,9.283172454645893,-8.590294335974243e-05,1.9187089053993717e-05,8.78787799097093e-05,-0.0015026149336691552,-0.009023355286107176,0.0066374380010855855,0.007177065099945881,5.984661536233757e-16,2.322026087714563,2.4612760244842,2.5947341259432237,1.9051362165039358,-2.3329595586300074e-15,-4.3294329754755075e-16,-2.538447716621139e-16,0.0,0.0,1.0591652143477495,0.0,1.9051362165039438,1.1562228812324693,0.0,0.0,0.0,1.153856763557957,0.0,0.0,1.0936713362624304,1.0332296426783216,1.8818904000631083,0.0,0.0
BANGKIT,98,0.9688822465711489,0.9640664037785885,8.808425717067568,0.00011350605093786437,1.4620161903503535e-05,0.00013776487375661423,0.0001762900896579156,0.004585640468286911,0.0064606454350929765,0.002662227006483997,4.3960574473871226e-14,1.686016040751452,1.8480409731315381,2.5694282025295205,2.7049405006553116,2.1689743794754614e-14,0.0,1.3519450105897164,1.3465006476221237,0.0,1.2174831919397358,0.0,1.3584398530331439,1.7988766798268578,0.0,0.0,0.0,0.0,0.0,0.0,1.7351803340560075,0.0,0.0,0.0,0.0
BEDOK NORTH,610,0.975831114162873,0.9751790025719893,9.505842596472538,-9.491319163405895e-05,-3.282287209912301e-05,-0.00013075500956215497,-0.000898359057575987,-0.011309713129772477,0.006494567450674366,0.007913177452302272,1.8140597997214325,1.8454728263020699,1.9074133992786462,2.0108357380598263,1.9280608331105604,4.027057649809513e-15,-8.321494005263951e-16,1.6342476377960393,1.679268594379261,0.0,1.5205779634024008,0.0,0.0,1.5909559000450502,0.0,0.0,0.0,1.564406724404721,0.0,0.0,0.0,1.5163857764450301,0.0,0.0,0.0
BEDOK RESERVOIR,140,0.9675368233273426,0.9633139710772408,9.0323802981374,-2.994160146072163e-05,0.00013587669014767886,-6.440549259181458e-05,0.0008497704514252025,-0.005675474998645735,0.009879635122301875,0.009351191544040072,4.429017610980374e-15,2.2299003663864356,2.2693145019731027,2.2703154246540453,2.262850005123794,1.4343116355458775e-15,7.146965883691734e-16,-2.6283262128420558e-15,1.1546201483262801,1.3658817928152676,1.005465563310361,0.0,1.1082298567975162,1.0104006498734774,1.1455243428133928,0.0,0.0,1.0864747214400783,1.1557832227610243,0.0,0.0,0.0,0.0,0.0,0.0
BEDOK SOUTH,184,0.9580796368487801,0.9537865876104021,9.485948890916726,-6.334912335293635e-05,-3.258054048117711e-05,-2.2290398120693427e-05,0.009920684867016027,-0.005255406959974007,0.00867407639053172,0.007608169251829,1.7104776547761276,1.7705503126604054,1.830954931547869,2.0020552105566427,2.171910781375736,1.0464061459615829e-14,-4.285088642820158e-15,1.1462053394737697,1.1112152955181025,2.5724758659315827e-16,1.187984232503347,0.0,1.0606954858576163,1.312651311988465,0.0,0.0,0.0,1.2501861723727978,0.0,0.0,1.2611014686073456,1.1559095845953369,0.0,0.0,0.0
BENDEMEER,262,0.9761469645287305,0.974274205545449,10.01351639940043,-0.00039272399216179563,-4.5650458262026143e-05,9.470115149853853e-05,-0.006888557809128379,-0.01090562677687859,0.006042309254046044,0.0082673616035389,1.7988186182100563,1.9459367208195308,2.0605741844766743,2.128466462272806,2.0797204136213683,-4.228233904911488e-15,8.934735397935708e-15,-1.7924469191993365e-15,1.0408651906207724,1.0275134480585189,0.9727852071195372,-1.529257770097805e-16,1.0388552230005859,1.0252060379757124,0.9801782135658526,0.0,0.0,0.990234522119396,0.9967741568664235,0.0,1.0596682471502867,0.8814361529233863,0.0,0.0,0.0
BISHAN EAST,144,0.9525162550760436,0.9481665990524751,8.659105028500939,0.0002825376602379071,7.850035991146132e-05,-0.0006016191409253082,0.006523412461904188,0.006423575001474502,0.009531634764156412,0.007810220915772048,3.8278355606542176e-16,1.9244692411849629,2.003979498039824,2.0126648223432113,2.7179914669329186,0.0,0.0,0.0,1.3877223607246236,0.0,2.012664822343204,0.0,1.3302691062082719,1.9689099302409332,0.0,0.0,0.0,0.0,0.0,0.0,1.9595388089838774,0.0,0.0,0.0,0.0
BOON KENG,84,0.9704407756453257,0.9654448504022821,8.257063773978132,0.00023571793731344895,0.0010130263386623414,-0.000988598511269697,0.017503312408162053,-0.008364938108145203,0.006966875112252774,0.006821741201177511,-1.021788619519421e-14,2.6022662071450195,2.792189603392565,2.862607963440521,2.0543756036944274e-15,0.0,0.0,0.0,0.0,0.0,2.0574244855766644,0.0,0.0,2.086416158621187,0.0,0.0,0.0,0.0,2.158369704089334,0.0,0.0,1.954853425690974,0.0,0.0,0.0
BOON LAY PLACE,225,0.9843065093868092,0.983339611860878,8.248659076850632,9.234332285642643e-05,-4.988163445130735e-06,0.00027630405271605093,0.0073165847794452385,-0.008873287735124899,0.00286892249092717,0.005848222166818774,1.883922659528456,2.034210425972298,2.1370571804892062,2.19346881086061,-3.2893034258689983e-15,-1.0465200488202194e-15,2.043156448044739,0.0,0.0,0.0,2.1015107747036814,0.0,0.0,2.0696335099905627,0.0,0.0,0.0,0.0,0.0,0.0,0.0,2.0343583441116655,0.0,0.0,0.0
BOON TECK,80,0.988007340692849,0.9858594017124638,8.03691415423205,0.00020346260988813453,0.00045066550919364845,-0.0003460682512558041,-0.006617002239461822,-0.007829023748883793,0.006702425339001131,0.00787067776360209,1.8766860341012315,1.9282480103179784,2.052129859432638,2.179850250380097,-3.1579378873395664e-15,0.0,0.0,0.0,0.0,0.0,2.650314176830431,0.0,0.0,2.765901629215179,0.0,0.0,0.0,0.0,0.0,0.0,0.0,2.620698348186508,0.0,0.0,0.0
BRADDELL,57,0.9846918298535908,0.9800637784139787,8.388998988618539,0.00024319180393478357,0.0003915197330511405,-0.00035753880123103043,0.003947482262731894,-0.013088072323313549,0.005998419937575633,0.014212499926913535,-8.401482711016371e-14,2.0024180202127155,1.997181568880059,1.9004940287963663,2.488905370729377,-1.5978363248905832e-15,0.0,0.0,1.2141874337372478,0.0,1.9952637017198214,0.0,1.274717936992058,1.8940937922939938,0.0,0.0,0.0,0.0,0.0,0.0,0.0,2.0107361238754606,0.0,0.0,0.0
BRICKWORKS,526,0.9771447408632715,0.9766101149185528,9.822505288179178,-2.5477166640108654e-05,-4.2354456663055984e-05,1.8967153770130035e-05,-0.002073855834295868,0.0012336841854444502,0.0066577232476325784,0.0076988504563526294,2.5182345593067046,2.656413575072521,2.75969451550424,1.8881626382957268,2.398175995227243e-15,0.0,0.9557439591133488,0.0,0.0,0.0,0.932418679182313,0.0,0.0,0.007956716465447933,0.0,0.0,0.0,0.0,0.0,0.0,0.0,0.0,0.0,0.0,0.0
BUKIT BATOK CENTRAL,299,0.9802774436213484,0.9792320784422679,10.804049735937085,-0.00023952675300059102,-4.161240902190652e-05,3.9117398037654023e-05,0.0007833183981260372,-0.01027403176592244,0.005665739460515851,0.003905895651422825,1.9203292391027,2.187320957357856,2.3766901042205446,2.5257281508809957,1.793981284375139,-1.9294922544531318e-15,-2.600956737289676e-16,1.5364502223947173e-16,0.8946110494183741,0.0,-0.009602124254699085,0.0,0.89937023495676,0.016860899160946907,0.0,0.0,0.0,0.03701364839982424,0.0,0.0,0.0,0.0,0.0,0.0,0.0
BUKIT BATOK EAST,93,0.9574788741916973,0.9511007053204519,7.565778732595023,-4.364025502901631e-06,0.00018667373495369344,-0.00015389429096195756,0.005050699858782176,0.003694051330689674,0.00803582571701926,0.0086989283057518,-2.492945929022231e-15,2.4713673283348294,2.5198596153661805,2.5745517888940075,-5.398675767421136e-17,0.0,0.0,0.0,0.0,0.0,1.8766182679581833,0.0,0.0,1.874751551294148,0.0,0.0,0.0,1.9052129110175624,0.0,0.0,1.9091960023251424,0.0,0.0,0.0,0.0
BUKIT BATOK SOUTH,101,0.9741012953271087,0.969885227124545,7.458943669717314,-0.0004655873593782667,0.000149520332439812,0.00017920549334150132,-0.005530805893701196,0.029453254638638127,0.006099690391353857,0.019822869201330695,5.0431945148722157e-14,2.066542653420793,1.9357198296813642,1.7149202339673195,1.7417609526476951,-5.770414921490257e-15,2.206538867276976e-15,0.0,1.0109131514788636,0.0,1.1814931185336874,0.0,0.7308478011688777,1.1460570191728827,0.0,1.258309637992153,0.0,0.0,2.1313229413708026,0.0,0.0,0.0,0.0,0.0,0.0
BUKIT BATOK WEST,93,0.9817300422851352,0.978450819105544,8.867597811334207,-0.00016093722744876067,0.0001892302853441427,0.00012447663204002632,0.002973013932142443,-0.003346630927854796,0.005355751828613101,0.006408086607307961,2.1364611841384103e-14,1.9877619176535548,2.1094037235454244,2.1832252277120805,2.5872069424232293,-1.4449978995358003e-15,9.609979397472048e-16,0.0,1.290474756550708,0.0,1.5057776319090839,0.0,1.296732185872532,1.5291250086340824,0.0,0.0,0.0,1.5401067687908543,1.7053814595769354,0.0,0.0,0.0,0.0,0.0,0.0
BUKIT HO SWEE,83,0.9878597860784664,0.9855724993975977,8.204279491604389,-0.0005914828373573076,0.0005677808372040374,0.00047440913173803375,-0.009228314093209011,-0.0191999481960885,0.004151436039351045,0.011072171768379768,1.9767335635763303,2.0416324127770342,2.0794486441101547,2.1064648711409895,-4.895207037725217e-14,-1.3741724949206094e-15,0.0,0.0,0.0,0.0,2.075783408501316,0.0,0.0,1.8369021245285015,0.0,0.0,0.0,2.208185433418631,0.0,0.0,0.0,2.0834085251557823,0.0,0.0,0.0
CHENG SAN,267,0.986339553204089,0.9855231918417835,9.006111325610178,-0.0001520393285711465,6.955990853119501e-06,1.7224759456548142e-05,0.002478707714177686,-0.010169943199967987,0.007078769655832533,0.010426962551675717,1.7529528102864433,1.8608534604177542,1.8860351228051206,1.7954339707098457,1.7108359613910489,-1.1059723552068852e-15,-9.2023986804356e-16,1.8445512755283469,0.0,1.8668879858947076,1.8052881593945975,0.0,0.0,1.793094144704025,0.0,0.0,0.0,1.6962897600885212,0.0,0.0,0.0,0.0,0.0,0.0,0.0
CHINATOWN,85,0.990297268064578,0.9888352125674595,8.107041645053382,-0.0009799215249903966,0.0007040166971702191,-0.0002465036498432941,0.007867038742306653,-0.021442977670797725,0.005191992683963362,0.011076367104358026,1.578226964319101e-14,2.3586911849870473,2.5024426952460375,3.2459077648202594,0.0,0.0,0.0,1.6696281836020432,0.0,0.0,2.5506996290525965,0.0,0.0,0.0,0.0,0.0,0.0,0.0,0.0,0.0,0.0,0.0,0.0,2.3104342511804896,1.576279581218202
CHOA CHU KANG CENTRAL,83,0.9299612484293664,0.9191101742423669,8.526629196994143,9.681316031944984e-05,0.00010643365992956538,-2.425642588578525e-05,-0.00883565651609608,-0.021016964707145425,0.00597850514155196,0.00327200185227694,3.084914605088282e-14,-1.783160345679341e-14,2.413812361261325,2.609566591837563,3.5032502438952235,0.0,0.0,0.0,1.7126230101562427,0.0,2.4702224871602194,0.0,1.7906272337389488,2.553156465938814,0.0,0.0,0.0,0.0,0.0,0.0,0.0,0.0,0.0,0.0,0.0
CHOA CHU KANG NORTH,135,0.9586067866522888,0.9541595819124521,8.350350546671732,-9.483491811024519e-05,-2.0430782977581743e-05,-6.519931203830161e-06,0.0025075475701993935,-0.006938251136238027,0.007707246799687262,0.007286651900756391,1.232529824138794,1.3970276457233242,1.4200023738440661,1.4416708385635246,2.859119864402069,4.0597528452494915e-16,0.0,0.0,1.3985916592821295,0.0,2.7636609098507297,0.0,1.4605282051199218,2.7275697724189567,0.0,0.0,0.0,0.0,0.0,0.0,0.0,0.0,0.0,0.0,0.0
CHONG BOON,226,0.9726534982091396,0.9711128502209221,8.862167445866167,-0.00016689982592563548,-5.54938883274049e-05,1.6692733360702035e-05,-0.002308119134257075,-0.011625116737826569,0.007933275585856284,0.008441696311841967,1.2826276612068632,1.9851738346449816,2.066474344283544,1.4161656010041979,2.1117260047266564,0.0,0.0,2.111726004726652,0.0,0.0,2.6987932622110398,0.0,0.0,2.030529608196649,0.0,0.0,0.0,2.0211185707318173,0.0,0.0,0.0,0.0,0.0,0.0,0.0
CLEMENTI CENTRAL,98,0.9807949749675816,0.9783385182773886,8.045089161651356,-0.00023482009417404894,0.00031413680092252233,0.00020726011559723048,-0.006805831003538987,-0.016176865573734323,0.0061483340830083555,0.010137890571091726,1.7994910738416867,1.8777678435866738,1.9993398388333858,2.368490405389602,0.0,0.0,0.0,0.0,0.0,0.0,2.368490405389601,0.0,0.0,2.7461690469016227,0.0,0.0,0.0,2.930429709360121,0.0,0.0,0.0,0.0,0.0,0.0,0.0
CLEMENTI NORTH,259,0.9755678476989339,0.9738444178685682,9.60395508014458,-0.0001803354119444215,5.068607929301452e-05,1.9781592960805422e-05,0.0018276214710455374,-0.011094541259133103,0.005416286207180196,0.009096933711072688,1.7407272229648143,1.6926532703832482,1.812809135983672,1.908053175775736,2.4497122750369553,6.093224724740343e-15,1.1253708204368384e-16,0.833998872223543,0.8091818762773975,1.4598277575119134,1.37144794091185,0.0,0.8065315265360455,1.4507620746422578,0.0,0.0,0.0,1.4548146360959275,0.0,0.0,0.0,1.4173903959455811,0.0,0.0,0.0
CLEMENTI WEST,87,0.9413014129378564,0.9335779146402059,7.143766501702508,-0.00010287738542561972,-0.00010091609814083177,0.00010409117084004063,-0.003487116625665365,-0.005251954842966922,0.007246441675915788,0.009328459640230546,-6.7501729161846364e-15,1.7580874835090126,1.8080571169675148,3.5776219012259576,0.0,0.0,0.0,1.7425425693184362,0.0,0.0,1.8350793319075094,0.0,0.0,0.0,0.0,0.0,0.0,3.5661446004765613,0.0,0.0,0.0,0.0,0.0,0.0,0.0
CLEMENTI WOODS,102,0.980091098225756,0.977657788008904,7.857891096874383,-5.775609211391454e-05,-0.00016227441205237877,-8.149964270384377e-05,0.005216608602969519,-0.010617652141907769,0.003939146712030463,0.006354592843988649,1.935097844631554e-16,2.5142704362982844,2.657926594620143,2.6856940659559037,0.0,0.0,0.0,0.0,0.0,0.0,2.6510618587225245,0.0,0.0,2.620360680407778,0.0,0.0,0.0,2.5864685577441158,0.0,0.0,0.0,0.0,0.0,0.0,0.0
COMMONWEALTH,69,0.8781685733242651,0.8595841184076276,6.4430562175880794,0.0009195370141491382,-0.007237532603082908,0.006398945179255655,0.0013540572031032205,-0.02785797872913598,0.0046309082686018105,0.011796986936116631,1.810623134214369,1.8503249156082546,2.782108167765543,0.0,0.0,0.0,0.0,2.782108167765543,0.0,0.0,0.0,0.0,0.0,0.0,0.0,0.0,0.0,0.0,0.0,0.0,0.0,3.6609480498225437,0.0,0.0,0.0
COMPASSVALE,167,0.7954609327133524,0.7809452569704289,9.09696505163432,9.252861661127217e-05,0.00023129821062447815,-0.00019270013123769136,-0.0047916279148969565,-0.014261521628894158,0.011554170513855017,-0.01787794783061125,2.3631111422612544e-14,2.3208438548836785,3.1556427306189754,3.620478466132127,0.0,0.0,0.0,0.0,0.0,0.0,3.0717934237447064,0.0,0.0,3.00960917721181,0.0,0.0,0.0,0.0,3.0155624506780274,0.0,0.0,0.0,0.0,0.0,0.0
DEPOT ROAD,41,0.9389366719408603,0.9185822292544804,6.913096240895932,0.0004310444316631759,0.0010369096967321745,-0.0007609956650170592,0.015449539170240056,-0.01239564684196559,0.004189566468286988,0.01159523398320389,4.601889468954751e-14,1.7335255515080714,1.68792789967736,3.4916427897104843,0.0,0.0,0.0,0.0,0.0,0.0,1.5903131312829997,0.0,0.0,3.4214534511853696,0.0,0.0,0.0,0.0,0.0,0.0,0.0,1.9013296584275707,0.0,0.0,0.0
DOVER,56,0.9836736324210174,0.9786202329322846,8.439195446659085,1.4479133651212894e-05,0.0003213945806107149,0.00025763785623982016,0.0197512816407297,-0.013801441830968347,0.00447648690320511,0.008215676829941898,1.82551774147692e-14,2.133597616877118,2.2292472060308146,2.194415261613333,1.8819353621378418,3.2334439148765346e-16,0.0,0.0,1.8819353621378312,0.0,1.5938157662106862,0.0,0.0,1.517087351235595,0.0,0.0,0.0,1.594048168190703,0.0,0.0,0.0,1.8523087988841205,0.0,0.0,0.0
EVERTON PARK,49,0.9887441454310044,0.9853978102888706,8.4498737726959,0.00014729108192601537,-0.00024261350060377634,-0.00011553520047062615,-0.015229206049606425,-0.012937769538783395,0.004491238293802158,0.0066722735257281895,-5.196126689926645e-15,2.4559261728482307,2.5981537350373527,3.39579386481029,0.0,0.0,0.0,0.0,0.0,0.0,1.7147827454808047,0.0,0.0,2.5177069628543673,0.0,0.0,0.0,2.536372945031285,0.0,0.0,0.0,1.6810111193294714,0.0,0.0,0.0
FAJAR,193,0.9479514767186563,0.9432197927839887,9.222907253416263,0.00012975337676179519,-0.00015888390277233027,3.896432456746042e-05,0.0005382246022862525,-0.007689827256630574,0.00696135823549926,0.006819398999460713,1.6885029266090916,1.839071139741363,1.89367950019835,1.8904394687235522,1.9112142181439555,6.0036351654028815e-15,4.571017871583316e-15,1.0555192468387969e-15,1.6063570917804961,0.0,1.5385365116197365,0.0,1.6460511001568614,1.4679959012887545,0.0,0.0,0.0,0.0,1.4683452851794359,0.0,1.4956213633910842,0.0,0.0,0.0,0.0
FERNVALE,505,0.9434326690100343,0.9419349596355545,10.137722027302694,-0.00021662507957955456,-5.771885446852242e-06,0.0001235009063425335,-0.0063052644598096536,-0.009044572274230833,0.005287359756031798,0.005117290943208841,2.322537068300951,2.5302592842870943,2.6145304452508533,2.670395229463825,-1.0070802027768676e-14,-9.711703195517478e-16,0.0,0.0,0.0,0.0,0.04969312016225391,0.0,0.0,0.004432417659932852,0.0,0.0,0.0,0.0,0.0009182425312754816,0.0,0.0,0.0,0.0,0.0,0.0
GEYLANG BAHRU,67,0.9655457129416594,0.9586548555299912,10.448230906580577,-0.0017437961833967064,0.0001701890988649677,-0.001997949402222185,-0.002042388324253519,-0.04380233540034073,0.008388420632214788,0.006106459485709814,6.290769894800354e-14,4.075328606825707,2.8487757219785124,3.524126577776353,0.0,0.0,0.0,0.0,0.0,0.0,2.278262427632445,0.0,0.0,2.8487757219785372,0.0,0.0,0.0,2.2909388700193416,0.0,0.0,0.0,3.0302538869503906,0.0,0.0,0.0
GEYLANG EAST,163,0.977714642396948,0.9752724114267506,9.960822296842963,-6.523945575114985e-05,-0.00027638881116070525,-0.00029316766825241694,-0.006182953392941282,-0.007172430707335822,0.0068174140443214015,0.005525385272688102,1.1648880387656207e-14,2.2794085519506218,2.4629319322906165,2.66345762562195,2.5550241869797743,2.270619956538468e-15,-1.3640689584589836e-16,-3.0011290212112956e-16,1.2556499165469042,0.0,1.1861828324505326,0.0,1.2993742704328684,1.3590618247325328,1.2143460091380005,0.0,0.0,1.2924935293919093,0.0,0.0,1.267454993645193,1.0862589205049773,0.0,0.0,0.0
GHIM MOH,153,0.9794229319438337,0.9773354033004544,10.113453198414668,-0.0002192575254363477,-7.569006250461845e-05,6.770393203652664e-05,0.000479101896397216,-0.013004984697491367,0.003961123974429007,0.009884890567506188,2.3441337026614413,2.5263148375925337,2.6020831072319446,2.640921550928738,1.9037601216113044e-15,2.5807341150452977e-15,-1.4773173046916144e-16,0.17629886967672803,0.0,0.0,0.1674989887171936,0.0,0.0,0.12475583291018744,0.0,0.0,0.0,0.0,0.0,0.0,0.0,0.2052011268377818,0.0,0.0,0.0
GOMBAK,61,0.9462556749031045,0.9379873171958898,6.320367909053889,7.200418800233643e-05,6.519244701337114e-05,0.0002800322056678156,0.006693544826419595,0.015427856607674872,0.004909630428128642,0.0006855279118307411,-4.892303857375736e-15,0.0,3.099390122553009,3.220977786501015,0.0,0.0,0.0,0.0,0.0,0.0,3.220977786501015,0.0,0.0,3.0993901225529967,0.0,0.0,0.0,0.0,0.0,0.0,0.0,0.0,0.0,0.0,0.0
GUILIN,57,0.9820119809637253,0.976573742650433,8.711341842337106,-5.9771779619959e-05,4.335297585995879e-05,4.4978507465286144e-05,-0.005367502922768885,-0.0027370302142397662,0.007382890273649911,0.005282273073277888,1.2562370332306153e-13,1.860150623215798,1.964189785156087,2.0807796030679384,2.806221830897293,5.608416364033066e-16,0.0,0.0,1.402046241286346,0.0,1.944943636992054,0.0,1.4041755896110129,1.991436039305416,0.0,0.0,0.0,0.0,0.0,0.0,1.9687403351421473,0.0,0.0,0.0,0.0
HENDERSON HILL,74,0.9902862446334378,0.9881815976373494,10.720511684171683,-0.0005065444253235935,-7.266790717028182e-05,1.4055401371275422e-05,-0.0037608366438568464,-0.01482000964471275,0.003937404371590375,0.0079412643260608,2.4442544411279084,2.6453163793957195,2.788687034973929,2.8422538286743517,-2.1124118328292082e-15,5.3872161939628024e-15,0.0,0.0,0.0,0.0,0.020715091316761303,0.0,0.0,-0.06796316616558817,0.0,0.0,0.0,0.0,0.0,0.0,0.0,0.04380283215970415,0.0,0.0,0.0
HOLLAND DRIVE,92,0.9702652550394585,0.96574858491887,7.430607040776904,0.0001692539693029611,6.0928405112480044e-05,0.00031985208255859345,-0.0099748654794658,-0.007681584071830588,0.006416218179999045,0.014029542175796994,3.676369676470046e-14,2.5309636538403355,2.5253801396150113,2.374263247321549,1.2350152794440402e-15,0.0,0.0,1.8521501950491612,0.0,0.0,1.8585999934395714,0.0,0.0,1.816577713650565,0.0,0.0,0.0,0.0,0.0,0.0,0.0,1.9032791386375854,0.0,0.0,0.0
HONG KAH,309,0.9701783744010356,0.96854431272438,9.612312734493871,-0.0001610640858655422,-9.503153641913305e-05,3.1772067292936204e-05,-0.0010354908266586582,-0.008597252142204276,0.0065638387169662735,0.005739794400640208,1.586688493933912,1.8078999264167492,1.9085172427131885,1.9485743624159966,2.3606327090139785,-7.371830970967615e-15,5.956132395897232e-15,1.2332642087476597,-9.281238467358765e-16,0.0,1.4620840991042754,0.0,1.1273685002663347,1.409770591079086,1.5428097619964598,0.0,0.0,1.4150243145329766,0.0,0.0,1.421991258767089,0.0,0.0,0.0,0.0
HONG KAH NORTH,180,0.975619714426156,0.9737104149535056,9.031321672975018,-6.073656064798814e-05,-6.950285102510015e-05,1.6966298078803163e-05,0.0013469006200721445,-0.006112007878938147,0.006280427813084438,0.005346007402863395,-2.5006916527731492e-14,2.1829302431825557,2.2811730244535933,1.9186215151475712,2.6485968901911514,-1.4567146788481036e-15,0.0,0.0,1.3153671783890877,0.0,1.9186215151475774,0.0,1.3332297118020953,1.49428644578515,0.0,0.0,0.0,1.4858622640412444,0.0,0.0,1.4839545578098898,0.0,0.0,0.0,0.0
HOUGANG EAST,168,0.9538328820486693,0.9499356578060245,8.927264717998474,-0.00015629710821790047,0.00010777554408405565,-0.00014488382398380496,0.002579469609004792,-0.008047792731870201,0.009964775915298027,0.0065352444416388045,-6.377971854538629e-15,2.201201183061258,2.2805985612625754,2.3688820417507115,2.0765829319239177,6.716003878192175e-20,0.0,0.0,0.0,1.8527188498105898,1.6658827751684038,0.0,2.07658293192391,1.6585890170746085,0.0,0.0,0.0,1.673491144020998,0.0,0.0,0.0,0.0,0.0,0.0,0.0
HOUGANG WEST,325,0.9707398168605682,0.969516722388502,8.77976017827896,-3.679514047851755e-05,-2.650473633780616e-05,-2.929423450743823e-05,-0.0018202273255432805,-0.004548095153076748,0.009169068125407954,0.005706578794778289,-5.2026489584804357e-14,1.8993228787754006,1.9773854324577371,2.086435154190523,2.8166167128553328,1.9538430181212664e-17,0.0,0.0,1.3877270448244126,0.0,1.9727995684871682,0.0,1.4288896680308985,2.0041612572090783,0.0,0.0,0.0,0.0,0.0,0.0,1.9861826397274056,0.0,0.0,0.0,0.0
JELEBU,157,0.9707592651494885,0.9676485486760299,9.073961376368661,-9.07609002078931e-05,0.0002136115102672623,-0.00030720478147790685,-0.0005238596972285958,-0.01957472695384327,0.007294343769182851,0.009494394725870936,1.728482033447174e-14,2.2718440881021804,2.2366475333571145,2.2701806355493392,2.295289119359982,-9.832928406183158e-17,-4.919979943699211e-16,2.8608650348778334e-16,1.478884626530359,0.0,1.4769744617077505,0.0,1.5731067988640337,1.494364119205231,0.0,0.0,0.0,0.0,1.503578650321253,0.0,1.5470527197399655,0.0,0.0,0.0,0.0
JOO SENG,48,0.9775129002214519,0.9698030374402353,9.522786447688048,2.147384630495075e-05,0.00029860624159213506,0.000346793997278827,-0.015240512932156891,-0.008585476531573266,0.007511932556458052,-0.013766631984643674,2.589805436450651e-13,1.5895689735527725,2.2078969818850247,2.8716635702980966,2.8536569219517958,0.0,0.0,0.0,0.0,0.0,2.241754855583693,0.0,2.853656921951881,2.378871909048648,0.0,0.0,0.0,0.0,0.0,0.0,0.0,2.048502761104004,0.0,0.0,0.0
JURONG WEST CENTRAL,378,0.9021449849942789,0.8980902191791247,9.07072702511031,-0.00028797666559578,0.00012001242335147775,0.0001044043697495888,-0.004265286142567326,-0.008034490872777994,0.006316093712706694,0.0058610479510384506,1.5282363075231675,1.7806365240639366,1.8791149190917102,1.9109313654757063,1.9718079089558085,8.357950886001097e-15,3.377134578965418e-14,-8.684103782415056e-16,1.8260665945951653,0.0,1.8188494159655557,0.0,0.0,1.8140923206886648,0.0,1.7963142603339226,0.0,0.0,1.8154044335269504,0.0,0.0,0.0,0.0,0.0,0.0
KAKI BUKIT,213,0.9687349937045789,0.966354409468887,9.229355130180615,-7.281731876868048e-05,-7.707183625480733e-06,1.2400317358068728e-05,0.00391020983277901,-0.01020304666845566,0.009770699050126487,0.007646762765833648,1.6065298193326907,1.7041894318684911,1.7704783674936007,1.7765944118983548,2.3715630995874672,1.0169838747029353e-14,1.2287354687222121e-15,-8.718185005220842e-16,1.1894837885082818,0.0,1.7032194320259006,0.0,1.1820793110792174,1.7038819834035293,0.0,0.0,0.0,1.731559945136393,0.0,0.0,1.7191306700272968,0.0,0.0,0.0,0.0
KAMPONG JAVA,49,0.9726952770147788,0.9645776566678211,8.056260117901097,-0.00013187058828439437,2.045810835618611e-05,-0.00019276625794613714,0.011084196759772347,-0.008542544618442782,0.006605847373088114,0.007779166750862987,-4.56724616637162e-15,2.3558756466366004,2.4614595419247003,3.238924929339751,0.0,0.0,0.0,0.0,0.0,0.0,1.6369903080575101,0.0,0.0,2.4116863008591105,0.0,0.0,0.0,2.4056488877022097,0.0,0.0,0.0,1.6019346212821794,0.0,0.0,0.0
KAMPONG UBI,92,0.9519852313933751,0.9453832007099642,8.966081391053855,-0.00019880818555687886,-0.00013947882404136136,-1.322727967091597e-05,-0.0026040726171486783,-0.005636558128386704,0.006984481568772266,0.002211957432475764,5.318893474922793e-14,2.040048675152571,2.2538402574684113,2.259365005385419,2.412827453047367,0.0,0.0,0.0,0.0,0.0,2.2593650053853827,0.0,2.412827453047367,2.199069691611994,0.0,0.0,0.0,0.0,0.0,0.0,2.094819241008994,0.0,0.0,0.0,0.0
KANGKAR,190,0.9684057045986046,0.965483688838938,9.384183063486061,-0.0002026020976327314,-1.2170613765787909e-05,4.728379790471925e-05,-0.002647399077574941,-0.008576930766533944,0.009439526620867063,0.005061216232742374,1.5454501649441974e-15,2.1879061678506,2.3154951650225333,2.422145991940514,2.458635738672413,-2.1175570587091196e-15,4.303264335261963e-16,1.3769079627297547,1.4041265273409644,0.0,1.26416807494534,0.0,1.471414835428444,1.309505432942867,0.0,0.0,0.0,1.2785577919899036,1.2795024381088584,0.0,0.0,0.0,0.0,0.0,0.0
KEAT HONG,317,0.9385077700631864,0.9354433732224814,8.980538649579543,-9.529223836147842e-05,-9.603069760497074e-05,0.00014808990250961762,-0.002026722637995179,-0.006389967192310636,0.007386378235597096,0.005538337634762691,1.517282668427848,1.753856434546293,1.835530004780141,1.8831490301204217,1.990720511704854,-1.0195991289086945e-14,-1.0516565068618972e-15,3.8187000535819376e-16,1.78468932964521,0.0,1.8198505675292775,0.0,1.865633726628194,1.793166935121829,0.0,0.0,0.0,0.0,1.7171980906548994,0.0,0.0,0.0,0.0,0.0,0.0
KEBUN BAHRU,153,0.9589012955403288,0.954731861754565,8.761786569546835,3.026015452652856e-05,4.339139201831694e-05,8.771342553212484e-05,-0.0007251169298206628,-0.003239063977489548,0.010078665044593538,0.008947596126653856,1.622632019380024,1.6575246860579755,1.7115782872318088,1.8817892052620646,1.8882623716150002,3.3442162000764773e-16,-2.2322672377055385e-17,0.0,1.8882623716149975,0.0,1.7322931200145315,0.0,0.0,1.7626975641293945,0.0,0.0,0.0,1.7468970347574142,0.0,0.0,0.0,1.6316364790305697,0.0,0.0,0.0
KEMBANGAN,163,0.9819987800711304,0.9801619208947151,9.003584001838718,-0.00013510420809583834,9.878040330901566e-05,0.00011196292253569861,0.007916085435946393,-0.013352813646278938,0.008978971182220921,0.010855489555184991,1.5686606281606927,1.77536733566055,1.7944670010738721,1.639587415696829,2.2255016212468184,1.1332587464305028e-15,4.868012382432768e-15,7.788138720969614e-16,1.1114811749492448,0.0,1.7160316045938324,0.0,1.1140204462975598,1.5787600813519513,0.0,0.0,0.0,1.6177039721779287,0.0,0.0,0.0,1.8655867224681906,0.0,0.0,0.0
KHATIB,85,0.9590538764964657,0.951556698953565,8.843451738928902,-0.00014700743689342183,3.9421815552812337e-05,6.9080063845206475e-06,0.00016737969653290996,-0.007743144756376497,0.007730221669489223,0.005336188993756499,7.680173078724266e-15,1.8909234321469683,1.984560198998123,2.12721144369269,2.840756664091031,-9.754759607737297e-16,0.0,0.0,1.4685058801037219,0.0,1.9837754544789075,0.0,1.3722507839873144,2.000463184975064,0.0,0.0,0.0,0.0,0.0,0.0,2.0184564353839223,0.0,0.0,0.0,0.0
KIM KEAT,54,0.9848043004467453,0.9812704168297093,7.57545110178377,-0.00017035514014861197,-0.0001090670508761462,4.02073210694423e-05,0.00013795619002221482,0.004101216858336365,0.004944094205625665,0.011252287202855149,-7.036126835865041e-14,1.340723102017062,2.321054408952758,1.6396148533225734,2.2740587374915044,0.0,0.0,0.0,0.0,0.0,2.9803379553396354,0.0,2.2740587374915044,2.3210544089527616,0.0,0.0,0.0,0.0,0.0,0.0,0.0,0.0,0.0,0.0,0.0
LORONG AH SOO,208,0.9696272300575692,0.9669096664311412,9.58777955176738,-0.00020635937860280246,-5.5947421115603094e-05,2.7980924883173398e-05,-0.0032913742576525795,-0.011135517557125843,0.009029670918307114,0.007412599182614055,-1.0813082497228469e-15,2.37691162288247,2.4140752740772373,2.445799766053309,2.350992888754387,2.903077322901115e-16,4.331483929500592e-16,1.092562222145923,1.1438389584770974,2.3184162129995298e-17,0.9404857056261307,1.1354244432090652,1.207153930277273,0.9284613575383132,1.1349186889157377,0.0,0.0,0.954050717800115,0.0,0.0,0.0,1.0508835277778128,0.0,0.0,0.0
LOWER SELETAR,175,0.9599524296264799,0.9575105046037042,8.069264381605166,-2.4092937548762447e-05,-2.3953281260043202e-06,2.870503598832036e-05,-0.0008392576728855072,-0.012835357003824821,0.009245049275108011,-0.008631812827096796,2.0611400068471764e-15,1.6762845323293956,2.1385742426089145,4.254405606667227,0.0,0.0,2.1742214265746505,0.0,0.0,0.0,2.080184180092491,0.0,0.0,3.8148587749383402,0.0,0.0,0.0,0.0,0.0,0.0,0.0,0.0,0.0,0.0,0.0
MACPHERSON,206,0.9794364560893265,0.9778130184121681,9.47759815943084,-0.00019016295704312423,0.00014611961202538925,0.00016897084862218647,0.003146181771491091,-0.008458678398832298,0.004139913192212252,0.004389661841046388,1.6661870459766792,1.7790222750351425,1.954293509477591,2.2096486947653116,1.8684466341761166,5.648025342356008e-15,2.4879831147728145e-15,1.6366373141949229,0.0,0.0,1.4439867042873324,0.0,1.8684466341761254,1.631478907050953,0.0,0.0,0.0,1.5369158493818764,0.0,0.0,0.0,1.3601327503396394,0.0,0.0,0.0
MARGARET DRIVE,112,0.896766838550576,0.884253728071858,8.286678246558676,0.00014421475429472579,-1.2841813425186997e-05,-0.00015145138803195242,0.014202013828161275,-0.0077931372804557475,0.0043349394262686275,0.005746341224147869,-8.16381878498601e-16,2.6350635599311873,2.7829575937308766,2.8686570928966155,2.1147341811321363e-19,0.0,0.0,0.0,0.0,0.0,2.0129235435707837,0.0,0.0,2.024480323777199,0.0,0.0,0.0,0.0,2.0820001331377678,2.1672742460729566,0.0,0.0,0.0,0.0,0.0
MARINE PARADE,144,0.954499223974244,0.9507074926387644,6.908947856876239,0.00012268946130455927,0.0008827051903262731,-0.0009553422525795975,-0.0001307497424010151,0.016228067176051852,0.011226254785020373,0.01263795676975429,1.0980442767194596,1.2838032729008617,1.2936286870520632,3.2334716202035985,0.0,0.0,0.0,1.568238265964517,0.0,0.0,3.67547623667253,0.0,0.0,0.0,0.0,0.0,0.0,0.0,0.0,0.0,0.0,1.6652333542393514,0.0,0.0,0.0
MARYMOUNT,157,0.901222344495657,0.8929908732036284,3.1124636680491413,-1.195710969568043e-05,-3.379063512999386e-05,4.415320873461348e-05,-0.0040896212420546835,0.305984498609023,0.006739203781955055,0.006908143138456058,7.280266034436981e-16,-5.44653646108203e-15,1.441055119938289,1.4947936662537589,0.1766148818571165,0.0,0.0,0.0,0.11351699820906469,4.8801228553994775,-1.2276016938633347,0.0,0.06309788364804803,-1.2930148683981342,0.0,0.0,0.0,0.0,0.5763424930540268,0.0,0.0,0.0,0.0,0.0,0.0
MATILDA,724,0.9593503451453569,0.9585476721298914,9.993739626697646,-0.00023927225918414724,0.00010322113441353425,2.320366002598641e-05,-0.005459721056442948,-0.01763781356405819,0.006763807459680644,0.009261149200186614,2.4145105556959208,2.5141611737466514,2.5325022683182303,2.5325656289368617,2.0765523125456665e-15,-7.296569340304731e-15,-1.1272412449944818e-15,0.0,0.0,0.0,0.02645541780188221,0.0,0.0,0.028390968572407083,0.0,0.0,0.0,0.0,0.11602851196899566,0.17623088740802495,0.0,0.0,0.0,0.0,0.0
MEI CHIN,78,0.983730922975323,0.980727401063075,8.444895037426086,-0.000711974638252363,-0.0005486217059390286,9.18236371202745e-05,-0.01671847561409112,-0.012079563445829,0.010523702744461017,0.01716942526569476,-6.969957963736177e-15,2.3034362685393734,2.2475180344955774,1.9857069623110863,1.9082337720800364,0.0,0.0,0.0,1.908233772080031,0.0,2.1330843014422154,0.0,0.0,1.986656723891294,0.0,0.0,0.0,0.0,0.0,0.0,0.0,0.0,2.416920240012578,0.0,0.0
MIDVIEW,284,0.9700451953875616,0.968368620502537,9.143374318374539,-9.927206629965941e-05,-3.810040693871884e-05,-3.1670053109255844e-05,0.0040476242595545164,-0.008232496671639722,0.006627949481484527,0.006579539021767961,1.881161136935039e-14,2.156443715685562,2.226044111572158,2.2704641125330816,2.490422378583716,-4.341708946416362e-17,-2.6064549011752768e-17,-1.4922603673492412e-16,1.2170234947804253,0.0,1.3184814109935337,0.0,1.2733988838032855,1.3104840997269558,0.0,0.0,0.0,1.3245484930504423,1.3482382765079033,0.0,1.3511996595119968,0.0,0.0,0.0,0.0
NORTH COAST,99,0.9279489192036995,0.9206628548535118,6.578388141647492,0.00011847541922995614,5.9006361824355535e-05,-0.00015938046964553837,-0.0011156114679253815,-0.0031736178760200517,0.0035023996008388125,0.008682123364495697,-1.010531273978966e-13,1.8959101036379842,1.8725033153518162,2.8099747226577136,0.0,0.0,0.0,0.0,0.0,0.0,0.0,0.0,0.0,0.0,0.0,0.0,0.0,3.76841341898983,0.0,0.0,0.0,2.8099747226577136,0.0,0.0,0.0
NORTHLAND,241,0.9499680540592871,0.9468687299744641,9.0078750960292,-0.0001312162584106106,-2.4068528184794432e-05,8.655312098992257e-06,-0.0019873693259242348,-0.00578188104516314,0.0047663123737300556,0.006364525570868695,6.504523143450407e-14,2.0749988765053313,2.1324400094630427,2.1700941359118993,2.630342074148828,-1.6804279761649645e-15,-3.9382773589627405e-15,0.0,1.2708370903812636,0.0,1.5899168849205627,0.0,1.3595049837675774,1.5932878682915268,0.0,0.0,0.0,1.5978527102920608,0.0,0.0,1.5964755583761128,0.0,0.0,0.0,0.0
PASIR RIS CENTRAL,164,0.9660164209807517,0.9628233330192115,9.329727544338834,-4.9436122986445605e-05,6.434731217690431e-05,-0.00015187357238488804,-0.0010121378808670145,-0.008632510842877306,0.007179368610984234,0.0028704782475204027,1.2672926681187668,1.5836513344889545,1.7713273023493201,1.8896426745625696,2.8178135648193035,-6.224533769977231e-15,-1.8016815347550084e-15,0.0,1.3567642771817532,2.2115811071678357,2.147276502524506,0.0,1.4610492876375236,2.153056369827293,0.0,0.0,0.0,0.0,0.0,0.0,0.0,0.0,0.0,0.0,0.0
PASIR RIS DRIVE,290,0.9538582345276719,0.9516848905018014,8.553568751548056,-9.462274088449865e-06,4.999494637163322e-05,-4.124958124399145e-05,0.0018619729786782252,-0.0008991290617796355,0.006470783441349104,0.004129553777225903,2.99321155788268e-14,-1.4609860269020013e-14,2.7542814269367524,2.84619261890109,2.9530947057101735,-1.0517003444917214e-16,0.0,0.0,1.4407299549481332,0.0,1.4320290490780605,0.0,1.512364750762098,1.4226327177287295,0.0,0.0,0.0,1.4021278547936213,0.0,0.0,1.3436844242374573,0.0,0.0,0.0,0.0
PASIR RIS WEST,165,0.9474509758138764,0.9436729413952661,8.539793728913196,-0.00011870953524333386,7.779382397554366e-05,3.670858287147839e-05,-0.0017786106502511445,-0.024829404791391063,0.005632627230425236,0.003543425657466903,2.8379571503637336e-14,-1.7548506609173527e-14,2.4735370274899324,2.5751247402134823,3.4911319612096676,0.0,0.0,0.0,1.7676197170334316,0.0,2.527555312825193,0.0,1.72351224417622,2.5211064548784634,0.0,0.0,0.0,0.0,0.0,0.0,0.0,0.0,0.0,0.0,0.0
PEI CHUN,67,0.977827461581818,0.972900230822222,8.321191636707375,-6.938440307561588e-05,-0.00027363034919428673,-3.967825051075409e-05,-0.005919546131028075,-0.0119473419277355,0.0045019998187375565,0.007584652575327033,1.2923828526341857e-14,2.6783828269950316,2.7723680872348204,2.870440722477479,-1.7312004716995202e-16,0.0,0.0,2.121737025905551,0.0,0.0,2.067872188655429,0.0,0.0,2.100091747377858,0.0,0.0,0.0,0.0,0.0,0.0,0.0,2.031490674768456,0.0,0.0,0.0
PENG SIANG,225,0.9272288112733219,0.9220059986852828,9.205005689961036,-2.8173863945574196e-05,-2.7615238698108086e-05,-0.00010243725653125493,0.0014569363270062058,-0.006725235241386698,0.006930307922234515,0.003727070688381462,3.2488136867229935e-14,2.1079355562369297,2.247486517386465,2.354235128008405,2.4953484883291575,-9.560186794374611e-15,-2.480145514212517e-15,1.0379189978970344e-15,1.5205004126897954,0.0,1.5219021023627266,0.0,1.5929991162606139,1.5275607232164172,0.0,1.5183928735383803,0.0,0.0,1.5236504618930304,0.0,0.0,0.0,0.0,0.0,0.0
POTONG PASIR,66,0.9779147758557737,0.9734159339004683,,-0.000259053288866197,-3.265355874931472e-05,-2.037506939790365e-05,-0.006712386951733096,0.3490584363907223,0.004970049251931591,0.0004658850340397702,-8.715556991256542e-15,-0.3360434504152998,-0.03363146352577173,0.1922248868493135,0.18640024340946315,0.0,0.0,0.0,0.0,0.0,0.0,0.0,0.18640024340946315,-0.06409313870450406,0.10003682447763129,0.0,0.0,-0.21339371286487063,0.0,0.0,0.0,0.0,0.0,0.0,0.0
PUNGGOL FIELD,366,0.8893566685585659,0.8855954221639563,8.10656133092455,-0.0001099187942957781,-4.6982495627736e-05,-5.480731254005875e-05,0.0008702226005258829,-0.009297350796636461,0.005669543406856416,0.006254931419649418,-4.880729512658234e-15,1.9345392056153075,2.005607163084633,2.0154335392511067,2.1509814229734197,0.0,0.0,0.0,0.0,0.0,2.716099200739478,0.0,0.0,2.6884704825553043,0.0,0.0,0.0,0.0,2.7019916476296686,0.0,0.0,0.0,0.0,0.0,0.0
PUNGGOL TOWN CENTRE,316,0.9726315266174062,0.971358574367053,9.377197833505424,-8.543192902911749e-05,2.8717463287039093e-05,1.6775370620785487e-05,-0.009212034789529977,0.002162922198879185,0.008185936124895099,0.017739794976512735,2.5282756025376427,2.426338612405849,2.2778740779775273,2.144709540584266,1.931163304266931e-15,-8.030832182430859e-16,-0.0157317256404248,0.0,0.0,0.0,0.01638632140733609,0.0,0.0,-0.027478841160582412,0.0,0.0,0.0,0.0,0.05577723475068552,0.0,0.0,0.0,0.0,0.0,0.0
REDHILL,52,0.9767600994143136,0.9710918309787804,6.985146455169808,0.00039358858210213066,0.0007445897626691955,0.00018910739089340878,-0.0055378632951531,-0.008227977738945513,0.007636583332637059,0.0023094468398833223,-1.2174114888806835e-14,1.9627280346940132,2.513082373888869,2.509336046586922,0.0,0.0,0.0,0.0,0.0,0.0,3.5312952462171943,0.0,0.0,3.4538512089526696,0.0,0.0,0.0,0.0,0.0,0.0,0.0,0.0,0.0,0.0,0.0
RIVERVALE,397,0.9383577389835535,0.9355927826846627,10.361422088762165,-0.00010436533679486232,1.2641798138264548e-05,5.116962534880464e-06,0.0013515476167356433,-0.00766116973240355,0.006053731354435231,0.00881106148875585,1.9909129410602924,2.071690717674019,2.062586702368865,2.057847553483067,2.1783841741759007,6.509319934961875e-15,2.5489885424488293e-15,9.723399947851784e-15,-0.1299935696430694,-6.747454759972774e-16,-0.058822379533980396,0.0,-0.02882074485524555,-0.03342218823229537,0.0,-0.005412622254523214,0.0,0.0,-0.06276946731966682,0.0,0.0,0.0,0.0,0.0,0.0
SAUJANA,157,0.9759595619371754,0.973212083301424,9.230477178738024,-3.5675286239492815e-05,9.624471995891594e-05,-1.362372564802641e-05,0.008834239767789603,-0.009266744801897486,0.008568664106667713,0.005515300538986606,1.576390738356566,1.8228536925564538,1.89899782871007,1.9174993306756205,2.0147355884393736,1.9227073267566833e-14,-7.710926538412193e-17,1.2783361979248229e-14,1.6016299441354023,0.0,1.546830139993218,0.0,1.6389583945299542,1.4548032330566416,0.0,1.4850118841832707,0.0,0.0,1.5032435828394788,0.0,0.0,0.0,0.0,0.0,0.0
SEMBAWANG CENTRAL,316,0.9725479600031603,0.9709819040301862,10.738172963729195,-8.156649326813113e-05,2.7508752563381277e-05,-2.0006939642873423e-05,0.0010263207068809052,-0.009176831465431766,0.006397596841749776,0.0034024325209610212,1.850697189045094,2.0535586593919795,2.21238444429325,2.265796667317822,2.355736003681125,8.177853235930487e-15,-5.421547770957887e-15,5.494396727281348e-16,0.0790550756821613,5.50064602706229e-16,0.0717436557051041,0.0,0.16701983090144035,0.018698584999379708,0.0,-0.009436548746975859,0.0,0.0,0.023148583101335163,0.0,0.0,0.0,0.0,0.0,0.0
SEMBAWANG EAST,422,0.9735431348095333,0.9729651935796444,,-0.0004020225499046983,0.0003431984569356554,-0.0001541831318951684,-0.004766053022061206,2.377447076901597,0.010195610879757386,0.009605175796217502,0.02704095227127823,0.1047630974357241,0.13987990648742166,0.20380545918592308,0.0,0.0,0.0,0.0,0.0,0.0,0.20380545918592397,0.0,0.0,0.27168395619443864,0.0,0.0,0.0,0.0,0.0,0.0,0.0,0.0,0.0,0.0,0.0
SEMBAWANG NORTH,179,0.933630794622472,0.9275231990355829,9.546656067604772,4.472341877577099e-05,-2.823387643568283e-05,-0.0001776747293430747,-0.0014894458645104969,-0.01140254758721132,0.0061453844994653894,0.00020660628988625196,1.4709324101903478,1.76242727760624,1.9760898506267415,2.089887032231779,2.247319496949789,3.212338086586903e-14,-2.502866990639804e-15,1.5239532926136216e-15,1.9539718582868808,0.0,1.9036242367872207,0.0,0.0,1.8700904972576735,0.0,1.8786223033334144,0.0,0.0,1.940347171939771,0.0,0.0,0.0,0.0,0.0,0.0
SENGKANG TOWN CENTRE,500,0.9089897281438518,0.9059748951217019,9.469856144460236,-2.385047221846741e-05,-5.798817862540974e-05,-7.433112788401313e-05,0.010056541921726727,-0.011889157869560772,0.008154607210409193,0.004224486009551512,1.5716147282623174,1.761572762852765,1.9184576887685898,2.052531944093235,2.1656790204833083,1.578440382636574e-15,6.576134531868331e-15,6.036888210540649e-16,1.5304869221911508,0.0,1.507528250175047,0.0,1.689322984560972,1.5726757273546936,0.0,1.581678257496276,0.0,0.0,1.5881640026821178,0.0,0.0,0.0,0.0,0.0,0.0
SENJA,154,0.9280820294543535,0.9208384928526336,8.122010546403793,0.0005011926935471461,-5.542350996688358e-05,-0.000531167481870121,-0.001196165422096121,-0.008890072718976447,0.00598488613386336,0.022661657900265336,2.0148409525337545,1.887030022873072,1.5516297367962022,1.2883122417451947,1.3801975924556018,-1.1597560731475588e-14,-1.0655863746981396e-14,0.0,1.3801975924555991,0.0,1.670116685591251,0.0,0.0,1.6680688868056228,0.0,1.7191462805537838,0.0,0.0,1.6844811009975227,0.0,0.0,0.0,0.0,0.0,0.0
SERANGOON CENTRAL,130,0.9537234578587123,0.9476344391559113,9.385592989131027,-0.00011306004279268422,-0.0003809547263047483,3.675642354220368e-05,-0.011142788069009146,-0.003276936289369925,0.016724658517374452,0.006898301203371815,4.6888859107948755e-15,2.1631876223170705,2.3100076164997727,2.348627908125513,2.563769842188657,-1.3088512433895224e-14,6.1060373520083095e-15,1.3270210615815037,1.2943426277158667,0.0,1.357343496397083,0.0,1.2694272144727852,1.395603499464337,0.0,0.0,0.0,1.4160912191630657,0.0,0.0,1.3257638703364703,0.0,0.0,0.0,0.0
SERANGOON GARDEN,138,0.9677951599612707,0.9644188460862427,8.421722123344622,-7.102575874352954e-05,-8.778570490205421e-05,2.850961787961067e-05,-0.0002345482999730475,-0.0007899753552750854,0.006545433388788463,0.010740761545010205,-9.921269433110277e-15,2.1845403861042447,2.2422896786483255,2.105284661918355,1.8896073966736209,7.660438802157982e-15,0.0,0.0,0.0,0.0,1.6966272173898487,0.0,1.8896073966736289,1.5381897462608638,0.0,0.0,0.0,1.6427432569776905,0.0,0.0,1.6545545060425866,0.0,0.0,0.0,0.0
SERANGOON NORTH,91,0.9611931072163865,0.9563422456184348,8.022808582845206,5.9623120510079314e-05,-3.7070672647573216e-05,-1.7128943510521383e-05,0.007378964423443213,-0.0023359268840404956,0.00905966894621324,0.0037704041856873594,3.283902079007514e-14,7.936541452344647e-14,2.3131467917654085,2.3926183955853855,3.3170433954944496,0.0,0.0,0.0,1.6469694529537624,0.0,2.3926183955853477,0.0,1.670073942540701,2.313146791765376,0.0,0.0,0.0,0.0,0.0,0.0,0.0,0.0,0.0,0.0,0.0
SHANGRI-LA,99,0.9844617056948581,0.9822935716057686,8.883771982978173,-9.61049432101626e-05,0.0002058303242389939,-3.6834548753702546e-05,-0.012064020744076531,-0.016198000236279958,0.005339948571564085,0.00599712910673883,3.0845685739062896e-14,2.0617301300607465,2.2018421409181737,2.3175396612545374,2.302660050744665,0.0,0.0,2.3026600507446684,0.0,0.0,2.1379767435359724,0.0,0.0,2.1605826677237543,0.0,0.0,0.0,2.2825525209737236,0.0,0.0,0.0,0.0,0.0,0.0,0.0
SIMEI,144,0.9193157906105389,0.9112473696715928,8.644621294795598,-0.00019075784143210428,-1.6978433605742416e-05,1.4159611547173712e-05,0.004203037111648877,-0.010683207630579228,0.007044167521603445,0.0056128987425419635,2.0108272843138936e-13,-6.282438619491477e-15,3.1501736166207457,3.18983081818538,2.3046168599895864,4.979617138481829e-16,0.0,0.0,0.0,1.3228141369295177,1.2472839188197087,0.0,2.3046168599895793,1.2246681845440288,0.0,0.0,0.0,1.3110704174400967,0.0,0.0,1.2341677770724617,0.0,0.0,0.0,0.0
TAI SENG,48,0.959983534798045,0.9446831216325916,9.144341683703935,-0.0002218780553121802,0.00011545327196167687,0.0001514176257117715,-0.016113458898951105,-0.0037485383171579345,0.0026828602016710223,0.0013122748785145966,1.0039771086613946e-14,1.8092367201749795,2.043865661895337,2.2826658721273443,3.008573429506235,3.145366051355976e-14,0.0,0.0,1.5042953950681959,0.0,2.06542102503451,0.0,1.504278034438002,2.013298328780767,0.0,2.057048900382455,0.0,0.0,0.0,0.0,0.0,0.0,0.0,0.0,0.0
TAMAN JURONG,284,0.9765752885193689,0.9752642039215724,9.319419333226435,-5.046662520101974e-05,-4.4650384689833185e-05,0.00017071534211604653,0.004095345861377719,-0.009567317297862345,0.007407615301188358,0.004190350221570549,1.4175827823585743,1.655367273653811,1.850762884792227,1.8974918001505285,2.498214592271312,-8.863713888978735e-16,1.4408189852720361e-15,-3.924665661193775e-16,1.2175353515166407,1.8356881406198233,1.6996773357188197,0.0,1.2806792407546623,1.616485373905127,0.0,0.0,0.0,0.0,1.6693538907113583,0.0,0.0,0.0,0.0,0.0,0.0
TAMPINES EAST,1011,0.9376341865589953,0.936438474696857,10.223052344147474,-0.00017073175567520462,-4.605433574666714e-05,-7.297249437580964e-05,-0.0015780171872930085,-0.006073878973976175,0.006814013187433299,0.0015386134470874308,1.5401885864937928,1.8705817165596241,2.0984848515507895,2.278472453457282,2.435324736086035,-5.2861499101146445e-15,-4.104516167029638e-15,1.2917932945329573,1.1177926640569713,1.186418904336071,1.062828999292467,1.0179997014441815e-18,1.1646365197967916,1.1178728466777423,0.0,0.0,0.0,1.1088076248414913,1.125115513058831,0.0,1.0477859775541756,0.0,0.0,0.0,0.0
TAMPINES WEST,473,0.9600723871051541,0.9588518923878444,9.331162132594628,-7.607407040793423e-05,9.388226465531046e-05,-7.780227179600397e-05,-0.0018024025991121573,-0.007958707039193307,0.007912924731226692,0.00305778187631214,-2.447583993728307e-16,2.0043664638070635,2.200946166441172,2.34978653038188,2.7760629719644583,5.861389266760953e-15,-8.779000161868644e-16,0.0,1.3680535851698972,0.0,1.6287511073090226,0.0,1.4080093867945724,1.6504091222288797,0.0,0.0,0.0,1.6424584213759554,0.0,0.0,1.6334805097162364,0.0,0.0,0.0,0.0
TANGLIN HALT,40,0.9702156832401629,0.9599452291850468,7.185920006528761,-0.0003439451798980808,-0.001155637930233322,0.0008499694060843943,-0.006249200426736934,-0.013598670819004788,0.005242982714403224,0.007934100446894243,1.1981377058193203,1.4758706392252208,1.5729681293407225,2.938943532143753,0.0,0.0,0.0,0.0,0.0,0.0,2.9389435321436963,0.0,0.0,4.246976474385065,0.0,0.0,0.0,0.0,0.0,0.0,0.0,0.0,0.0,0.0,0.0
TANJONG RHU,40,0.9876619238483386,0.9821783344476003,9.590144870826009,-7.508732276727097e-05,-0.0013459784303679057,0.000537066204545994,0.008795253380927903,-0.006327886748314138,0.007181038124390138,0.013146478982420495,1.8035909170154447,1.787321998935333,1.6637622428173913,2.1778392794539556,2.15763043260489,0.0,0.0,0.0,2.157630432604833,0.0,2.177839279453707,0.0,0.0,0.0,0.0,0.0,0.0,2.619842741859628,0.0,0.0,0.0,2.634832416907871,0.0,0.0,0.0
TEBAN GARDENS,125,0.9650638676793372,0.9602561430480533,9.413568100867437,3.880226920986718e-07,-0.0003633046363732055,0.00020388527576844367,-0.0019368043834357695,-0.006102973619199856,0.006799398869207586,0.00547885061136337,1.6652911162405353,1.8818297887845616,2.00357573961908,2.0055337823174026,1.8573376739059118,-4.732072245167189e-15,2.1079902234097413e-15,-3.1928606692928945e-15,0.0,0.0,1.5244443222157615,0.0,1.8573376739059118,1.462493975045004,0.0,0.0,0.0,1.5088022167358937,0.0,0.0,1.5035172047956975,1.5569727081691598,0.0,0.0,0.0
TECK WHYE,148,0.9704402897476925,0.9668299434573343,10.508554524036267,-0.00015274034115025058,-0.0001602667117625205,2.9074020356745396e-05,-0.0022039880182258137,-0.005908762890440622,0.004737343152996412,0.005002652088660242,1.992130179517802,2.1900225842569845,2.2449174547026596,2.3957038261041887,1.685780479454655,-3.3194004331094256e-15,-8.65886599462072e-16,2.1590945949574915e-16,0.8237808590304123,0.0,-0.026203357955874473,0.0,0.8619996204242337,0.04007990597591071,0.0,0.011105114485564727,0.0,0.04206487511244994,0.0,0.0,0.0,0.0,0.0,0.0,0.0
TELOK BLANGAH DRIVE,257,0.9805190936471143,0.9793920990647159,8.641340072495936,0.0002452895204286612,-0.0001994331110252573,7.301642689665905e-05,0.0012369061324190023,-0.013083360679389644,0.005480290388536698,0.012185144720046864,2.1940762040692867,2.181165545718322,2.162792765031905,2.103305557676455,-2.8083440243403974e-15,1.8425432796396735e-16,1.6268377852309503e-16,0.0,0.0,0.0,1.6972157142580837,0.0,0.0,1.641384392537824,0.0,0.0,0.0,1.7168376749028589,1.7646192854938199,0.0,0.0,1.821283005303382,0.0,0.0,0.0
TELOK BLANGAH RISE,49,0.9216365773499212,0.898339343589087,7.743752658081959,-1.286658783044431e-05,6.254103655296481e-05,-7.990575626022622e-05,0.018461864752284507,-0.0030278104161065578,0.007925554722494454,0.008992176412542588,8.308051182990634e-15,2.7071881872068104,2.739993646350605,2.2965708245245935,0.0,0.0,0.0,0.0,0.0,0.0,1.7259372052925066,0.0,0.0,1.8553790175567073,0.0,0.0,0.0,1.865865610707953,0.0,0.0,0.0,2.2965708245246432,0.0,0.0,0.0
TELOK BLANGAH WAY,68,0.9834327182387079,0.9794442985554339,10.121804529888033,-0.0003207787508234389,0.00016426417172947516,-0.0003172081251712998,-0.005041819160216732,-0.005760017300959486,0.008723932719543068,0.011259637001476697,-8.180114968852084e-15,-0.02794664421730353,0.11457531739347182,0.04444891035114118,-3.590715673495035e-15,-8.882919787854679e-17,0.0,2.377770391788724,0.0,0.0,2.5661447767838155,0.0,0.0,2.528113556427055,0.0,0.0,0.0,0.0,0.0,0.0,0.0,2.6497758048884172,0.0,0.0,0.0
TIONG BAHRU,111,0.9481468580247363,0.941197467863103,8.7139212066289,-0.00023519342226173,0.00037973419185984014,0.00013595098217513563,0.01582351566988205,-0.011412749011519785,0.004698030675411247,0.004885659842992551,1.9348496368138122,2.096604856415942,2.2831726730652098,2.3992940403339915,-6.627104927593723e-15,-8.313904608431158e-18,0.0,2.497096393748752,0.0,0.0,1.9192787165624843,0.0,0.0,1.923255182111356,0.0,0.0,0.0,0.0,0.0,0.0,0.0,2.374290914206293,0.0,0.0,0.0
TIONG BAHRU STATION,90,0.8856948446315509,0.8712258376228865,7.089405171350197,-0.00025701903510032265,-5.698916632923892e-05,-0.00011361000939028552,0.0018992470662761995,-0.007857338297957109,0.005494177123395658,0.010287135509413847,-6.230273942105735e-15,2.386620368309261,2.364646008429708,2.3381387946112326,0.0,0.0,0.0,0.0,0.0,0.0,3.5444203359619753,0.0,0.0,3.5449848353881723,0.0,0.0,0.0,0.0,0.0,0.0,0.0,0.0,0.0,0.0,0.0
TOA PAYOH CENTRAL,176,0.9842068253369898,0.9830441376317375,8.148826433307114,-0.00020828319661562924,-3.984065521995747e-05,7.261857899998597e-05,0.0017697015153416151,-0.011234878132497128,0.005752595589791108,0.008570479222878001,1.8844313729038442,1.987940613023786,2.1132121838094164,2.163242263570093,-1.6561195837306745e-16,0.0,0.0,0.0,0.0,2.7601572961601475,2.682812508057105,0.0,0.0,2.7058566290898964,0.0,0.0,0.0,0.0,0.0,0.0,0.0,0.0,0.0,0.0,0.0
TOA PAYOH WEST,139,0.9851663007541466,0.9837535674926368,8.378689553988767,7.688305410901916e-06,-5.779959991638814e-05,-1.0493489227582364e-05,0.007228800768024679,-0.008863105801010962,0.0029496756524561053,0.010579309913447299,2.0637663518202753,2.0446893252271,2.0713916591973103,2.1988422177441045,-1.4559059375412085e-15,0.0,0.0,1.9184066464724712,0.0,0.0,2.085332299311759,0.0,0.0,2.311184256384191,0.0,0.0,0.0,0.0,0.0,0.0,0.0,2.063766351820284,0.0,0.0,0.0
TOH GUAN,82,0.9635240215578341,0.9565506727380083,8.332893975264906,6.62872870090714e-05,-0.00012451379426757156,8.88052087589632e-05,-0.004162136250684179,-0.0046034269461812105,0.008893460308616569,0.013885568576927243,-2.858736452276526e-15,2.1884634182273195,2.119712945857245,1.731751594826143,2.292966016354171,-5.3378080130918246e-15,0.0,0.0,1.130134204023184,0.0,1.7317515948260933,0.0,1.1628318123309658,1.3966093162407418,0.0,1.4443737157697967,0.0,1.467193332073974,0.0,0.0,0.0,0.0,0.0,0.0,0.0
TOWNSVILLE,159,0.9694897274306763,0.9665234509308809,8.600786011695853,-6.683616642600733e-05,3.872230423932225e-05,6.984338807493112e-05,0.006392639576443093,-0.01181880579566548,0.006545658599636912,0.01135535338677715,2.0935477351636607,2.205086017399868,2.2472290643555697,2.054923194776686,1.2140226159903437e-15,7.419761936826171e-16,-1.2244457864983502e-16,1.6723333065775492,0.0,0.0,1.790691077554966,0.0,0.0,1.6813059865105735,0.0,0.0,0.0,1.6625547795034281,0.0,0.0,0.0,1.7939008615493481,0.0,0.0,0.0
TRAFALGAR,439,0.9542499133521132,0.9527392972835509,8.737230800694533,1.0328306488322121e-05,-2.80207666399461e-05,-9.917096117808329e-05,0.0007288159500716818,-0.010929242159948033,0.008466506091394876,0.012900205150749591,1.4352212549729852,1.4464308706718494,1.3532417811534971,2.240029081538781,2.262307812357381,-9.710252258722988e-15,1.093630604967414,0.0,1.0746109605185379,0.0,1.1463984765713522,0.0,1.187696851838835,2.09364380939977,0.0,2.141250097398589,0.0,0.0,0.0,0.0,0.0,0.0,0.0,0.0,0.0
UPPER PAYA LEBAR,61,0.9765750031031182,0.9707187538788977,8.64677244520459,-0.0010498310168454636,0.0008147609137240663,8.192479210506615e-05,-0.014933802052718326,-0.011360797773317055,0.011579182169655866,0.006490528107544025,0.8709472485851979,1.113495015595877,3.0096355665334187,1.315636592965717,2.337058021524445,0.0,0.0,0.0,0.0,0.0,3.3000788571467865,0.0,2.3370580215244416,1.5308801689019305,0.0,0.0,0.0,1.4787553976314758,0.0,0.0,0.0,0.0,0.0,0.0,0.0
UPPER THOMSON,79,0.9771711578715679,0.9726053894458815,8.69431902152905,0.00015416344046279267,-0.00018972035619971425,7.671271802708662e-05,0.004709364053822357,0.012418222069558338,0.0029390048580484607,0.0036526671373183772,-3.902494297902369e-14,1.8541563083218815,2.06427430524554,2.7195343553897757,2.0563540525718356,-1.375987078160011e-14,0.0,0.0,0.0,0.0,1.2851149603026304,0.0,2.056354052571825,1.7968427115848948,0.0,0.0,0.0,1.7863127533781649,0.0,0.0,1.769694543691506,0.0,0.0,0.0,0.0
WATERWAY EAST,678,0.9487851431929732,0.9477824426831971,9.900510279780383,-0.00010146395841004663,2.1534438905808535e-05,-1.031052126829093e-05,0.005410734951601548,-0.01745208367059181,0.007185658822127766,0.010836108354967108,2.4370651450270038,2.503792128031968,2.4871482421438995,2.4725047645777054,-5.985349488874494e-15,1.1237721118262376e-15,0.0,0.0,0.0,0.0,-0.06441859526820348,0.0,0.0,-0.057900445257051736,0.0,0.0,0.0,0.0,-0.025004619874790635,0.0,0.0,0.0,0.0,0.0,0.0
WENYA,59,0.9438806638001878,0.9292408369654541,7.023031117762457,-0.0001309647877427711,-0.001533898300844161,0.001611528836352516,0.0013978308639419623,0.012102628972372464,0.004834350728917136,0.013595910708513514,-9.006206654153187e-14,1.011511635286836e-13,2.646931228827846,2.5161693347233474,1.8599305542109192,0.0,0.0,0.0,1.8599305542108766,0.0,1.264902523327347,0.0,0.0,1.2646386395890126,0.0,1.331020693319835,0.0,0.0,1.3025387073155574,0.0,0.0,0.0,0.0,0.0,0.0
WOODGROVE,163,0.977542827016941,0.9754184998428678,8.82251148677971,-0.00010769639718733078,9.124393724017086e-05,1.147154170690664e-05,0.0022609252506124444,-0.004735703645140102,0.007921579459912037,0.006665937984594708,1.4219680273256523e-14,2.0785167795987256,2.0758275030038438,2.1398923953575713,2.52827480881952,-9.142267163964458e-16,1.8645705083124444e-16,0.0,1.2723843739077214,0.0,1.565065717644707,0.0,1.255890434911823,1.561884698264,0.0,0.0,0.0,1.5501069027785404,0.0,0.0,1.6171793592729846,0.0,0.0,0.0,0.0
WOODLANDS EAST,929,0.9557389077633777,0.9549129598292145,10.587316827187735,-0.00014110530004532201,4.709632830780493e-06,-7.4088247575956954e-06,-5.6718386053946496e-05,-0.007923141934005621,0.00672609989153948,0.005561753947789766,1.9132941424806267,2.054926445030187,2.1518455481540695,2.1758058273084746,2.2914448642142937,-3.804304273153797e-15,-2.957855791266336e-15,5.0971101269623014e-15,0.09295535179817715,1.0399498107235739e-15,0.08357906053334574,0.0,0.10131952740903527,0.04316882677136391,0.0,0.06731692177100079,0.0,0.0,0.04730572989840098,0.0,0.0,0.0,0.0,0.0,0.0
WOODLANDS SOUTH,309,0.9552110526220422,0.9527568637246199,10.667466767697576,-0.00012658210098083142,2.9785350718592677e-05,-1.4681651106641588e-05,0.0035323234710752105,-0.010598410029863614,0.00697099121404432,0.0048795159499177565,1.8579191648993574,2.062721505938268,2.1778193992224635,2.2499158743466516,2.3190908232908853,5.1026041189272476e-15,9.88303049593797e-15,-6.232862679943486e-16,0.005304934459041011,0.0,-0.0271898891332647,0.0,0.0,-0.03628551450905082,0.0,-0.03271399769278638,0.0,0.0,0.005260556780495307,0.0,0.0,0.0,0.0,0.0,0.0
WOODLANDS WEST,273,0.9436438301292247,0.9405857433920508,8.953171390663666,-0.0001266766280530805,2.3925132551237075e-05,-3.16511019760983e-05,0.0034688930107259486,-0.008112107405405633,0.003713551984513931,0.007141239826673418,1.4529244904247793,1.8502602078322077,1.8847309547069755,1.901366955572941,1.8638887821266286,-7.148520767869958e-15,-1.1934978350089029e-15,0.0,1.8638887821266366,0.0,1.7870472123267962,0.0,0.0,1.765283888758916,0.0,0.0,0.0,1.7914081145227276,0.0,0.0,0.0,1.7455433929284396,0.0,0.0,0.0
YEW TEE,229,0.8935127249788248,0.8870739595124282,8.584883015426284,-0.00017305457505759417,1.680563982620932e-05,-0.00014195288094622817,-0.003594353770677655,0.007833206059677689,0.006254752627624288,0.0011115792054405271,2.472461183070868e-14,-1.2809009608259045e-14,2.7139373269590448,2.857852007108293,3.013093681359015,-9.978967059671195e-16,0.0,0.0,1.6956988403553055,0.0,1.710807727066057,0.0,0.0,1.7243871517179379,0.0,1.7343346925316676,0.0,0.0,1.7196546037553886,0.0,0.0,0.0,0.0,0.0,0.0
YIO CHU KANG WEST,122,0.9619197535898807,0.9569372914427623,9.154454616359583,1.290351257138972e-05,0.00010211720451257233,-0.00010992455134287149,-0.00716545324653417,-0.00965278256823579,0.007920342853231982,0.006878763247234354,1.1587860979167243e-14,2.0922299708082805,2.184255230387215,2.2384462138203536,2.639523201343817,5.190848720701827e-16,-1.4317800929910108e-16,1.6883966829820558,1.2754814312644975,0.0,1.6670041896208154,0.0,1.364041770079318,1.5767662048151019,0.0,0.0,0.0,1.5827643375978107,0.0,0.0,0.0,0.0,0.0,0.0,0.0
YISHUN EAST,519,0.9671466172149409,0.9660318317711365,10.567160137022242,-5.462280640742287e-05,5.2385084309586934e-05,2.021208860773392e-05,-0.0024053218990600783,-0.005508522239668776,0.007078856151692847,0.004260097795090609,1.972267406606925,2.153380928016296,2.2842822138467604,2.436611011491428,1.720618577060863,-1.2554194817612602e-14,1.0395312946578065e-14,3.877118114687133e-15,0.8526687579998957,0.1942169461681491,-0.06609189754081912,0.0,0.8679498190609949,-0.026498657721898855,0.0,0.0,0.0,0.0,-0.04134081259365541,0.0,-0.08438020330572549,0.0,0.0,0.0,0.0
YISHUN SOUTH,454,0.9775207720024195,0.9765905970507954,10.722530552067587,-0.00014208256880934595,-2.2842721699535985e-05,-2.3724423744482352e-05,-0.0018564404377754418,-0.00795110690214093,0.0076268862256074765,0.0072816317897776775,1.879018715209666,2.0172010408571106,2.085218532307108,2.1780334456546258,1.4429600837364776,1.1200987343027795,-0.09130300714300965,-1.8539059849688945e-15,0.7246926687403676,-5.714907285909722e-16,-0.0846700292106135,0.0,0.7182674149960977,-0.06760331690930244,0.0,0.0,1.1200987343027782,-0.06474593338193535,0.0,0.0,-0.06672522586437113,0.0,0.0,0.0,0.0
YISHUN WEST,346,0.9253208242054402,0.9221621883712292,8.89354366398917,-0.00012448145288419506,5.1247639458939256e-05,-2.529914524451466e-05,0.00038266113668741775,-0.0033154058530111274,0.006915131210153136,0.006323194253398834,-3.292369622712869e-14,2.0405786369710484,2.0950561422986187,2.193547973542599,2.564360911176886,1.4183346299397918e-15,-1.2274777693133711e-15,0.0,1.268163644349908,0.0,1.539889559555192,0.0,1.2961972668269843,1.588766274388821,0.0,0.0,0.0,1.6073061077103301,0.0,0.0,1.593220811157868,0.0,0.0,0.0,0.0
YUHUA EAST,150,0.958954237241515,0.9550307452131304,8.786808605152357,-7.105072424223174e-05,1.4770903258334335e-05,1.0639411165930517e-05,-0.0001416296911038728,-0.0017697190425560727,0.007878219680499746,0.006820815603328312,9.356692898609175e-15,2.146700615839041,2.1960225910793234,1.881172465943906,2.562912932290154,-2.6581153804128834e-16,0.0,0.0,1.2675093319410973,0.0,1.8811724659439086,0.0,1.295403600349073,1.3491517928523855,0.0,0.0,0.0,1.4648522432617437,0.0,0.0,1.5287191708041812,0.0,0.0,0.0,0.0
YUHUA WEST,110,0.9705523024447267,0.9654860318975829,10.361480505700758,-5.313243893589545e-05,-3.471643537453911e-06,-7.825722451897414e-05,-8.991898790694508e-06,-0.005588140578849397,0.007773448676639372,0.0066031531444370045,2.0167988993695944,2.2045307109136454,2.243606363478505,2.2793200459110237,1.6172244860279408,1.2136254703261595e-15,-1.811882396677576e-15,-5.811799392433476e-16,0.8230343356634222,0.0,0.07635686482292492,0.0,0.7941901503645042,0.017143867176926175,0.10312399945340545,0.0,0.0,0.039766502165402784,0.0,0.0,0.0,0.0,0.0,0.0,0.0
YUNNAN,307,0.9600199384647262,0.9579591105505368,9.147467494120141,-4.824243156057069e-05,4.2373939326654717e-05,1.56027805387135e-05,-0.00010010912661628096,-0.004039561028706229,0.005990174587255398,0.0056106767872974445,1.4697268955902878,1.7296773721692433,1.7548256163966942,1.8019666086386978,2.39127100132514,-3.6498763513131086e-15,-3.4770041281712054e-16,5.539097552436874e-16,1.175182747624555,0.0,1.656387934441598,0.0,1.2160882537006183,1.6406104013759055,0.0,0.0,0.0,1.7553202600879594,1.7038778968894983,0.0,0.0,0.0,0.0,0.0,0.0
